Date,Open,High,Low,Close,Adj Close,Volume
21-09-2020,2465,2504.899902,2452.149902,2465.300049,2324.32666,4598809
22-09-2020,2485,2555,2458,2522.949951,2378.680176,7499613
23-09-2020,2510,2519.850098,2409,2467.449951,2326.354004,7502280
24-09-2020,2450,2450,2302.600098,2332.25,2198.885498,8424708
25-09-2020,2368,2440,2352.100098,2422.300049,2283.785889,8228267
28-09-2020,2440,2444,2366,2426.300049,2287.557617,4347166
29-09-2020,2434.850098,2511.050049,2426.300049,2488.399902,2346.105957,6995811
30-09-2020,2489,2505,2460,2492.300049,2349.782471,3917166
01-10-2020,2510,2540,2492.300049,2523.449951,2379.151855,2610337
05-10-2020,2620,2728.100098,2603.050049,2705.800049,2551.074463,17412105
06-10-2020,2736,2736,2650.100098,2714.300049,2559.088379,9846367
07-10-2020,2742,2770,2703,2735.949951,2579.500732,9656101
08-10-2020,2800,2885,2800,2825.699951,2664.11792,19839329
09-10-2020,2810,2829.850098,2780,2812.949951,2652.097412,7739245
12-10-2020,2815.5,2854,2800.75,2830,2668.172119,4623203
13-10-2020,2845,2854.899902,2812.199951,2826.550049,2664.919678,4209878
14-10-2020,2842,2842,2787.550049,2809.600098,2660.232666,4395936
15-10-2020,2811,2827.75,2727,2740.600098,2594.901367,6629355
16-10-2020,2750.100098,2771.649902,2731.300049,2763.300049,2616.394531,5273773
19-10-2020,2774,2774,2706.600098,2711.550049,2567.395264,3331194
20-10-2020,2725,2759.899902,2717.949951,2739,2593.38623,3406273
21-10-2020,2739,2749,2663.050049,2675.399902,2533.166992,4570143
22-10-2020,2661,2686.649902,2638.100098,2671.149902,2529.143311,5262294
23-10-2020,2687.800049,2702,2670.100098,2686.800049,2543.961426,3499091
26-10-2020,2689.949951,2709.949951,2670.5,2688.199951,2545.286621,2672752
27-10-2020,2699.75,2718.149902,2624.100098,2630.149902,2490.322998,3537502
28-10-2020,2650,2655.949951,2606,2622.199951,2482.795898,3569445
29-10-2020,2608,2655,2600.25,2632.649902,2492.690186,3105968
30-10-2020,2636.100098,2674.350098,2621.600098,2664.850098,2523.178467,3427003
02-11-2020,2660,2664.850098,2600.050049,2604.600098,2466.131104,2571196
03-11-2020,2604,2665,2601.050049,2633.600098,2493.589355,2879269
04-11-2020,2610,2721.850098,2610,2653.149902,2512.100342,4893928
05-11-2020,2685,2710,2667,2685.699951,2542.919434,2816502
06-11-2020,2699,2713.25,2681.300049,2707.449951,2563.513672,3884421
09-11-2020,2731.100098,2744,2695.100098,2726.600098,2581.645752,3646592
10-11-2020,2697.199951,2713.149902,2638.350098,2649.600098,2508.739014,4760020
11-11-2020,2667.949951,2692.800049,2643.399902,2687.800049,2544.908447,3242441
12-11-2020,2686,2713,2661.75,2671.050049,2529.048584,2437505
13-11-2020,2655.75,2664.899902,2636,2656.850098,2515.603516,2548093
14-11-2020,2677.949951,2689,2660.050049,2670.350098,2528.38623,298819
17-11-2020,2695,2695,2650.050049,2666.050049,2524.314453,2827273
18-11-2020,2661,2664.199951,2607.050049,2626.649902,2487.008789,2893762
19-11-2020,2637,2676.149902,2630.850098,2636.899902,2496.713867,4167501
20-11-2020,2655,2676,2627.550049,2660.25,2518.822754,2711471
23-11-2020,2690,2730,2665,2724.25,2579.42041,3706418
24-11-2020,2734.399902,2743,2705,2722.050049,2577.337402,3120516
25-11-2020,2729,2732.949951,2688.199951,2701.300049,2557.690674,3302249
26-11-2020,2686,2730.949951,2680,2720.600098,2575.9646,2341099
27-11-2020,2705,2717.699951,2669.050049,2679.649902,2537.191406,6086808
01-12-2020,2679,2735.899902,2624.449951,2726.800049,2581.834961,3605017
02-12-2020,2719,2754.699951,2702.449951,2749.550049,2603.375244,2509032
03-12-2020,2773.899902,2773.899902,2700.800049,2709.449951,2565.406982,2852548
04-12-2020,2710.800049,2738.850098,2699,2727.550049,2582.544922,2686527
07-12-2020,2715,2744,2706.149902,2737.699951,2592.155029,1996400
08-12-2020,2740,2805.550049,2732.449951,2797.300049,2648.58667,4277818
09-12-2020,2815,2840,2793.149902,2810.800049,2661.368896,3659996
10-12-2020,2818,2827.300049,2780.25,2784.300049,2636.277588,2127801
11-12-2020,2792.699951,2807.699951,2764.550049,2783.600098,2635.61499,1795408
14-12-2020,2802,2804,2756.25,2797.699951,2648.965332,2483658
15-12-2020,2786,2794.699951,2755,2761.550049,2614.737061,2365509
16-12-2020,2779,2819.800049,2760.449951,2814.199951,2664.588135,2565149
17-12-2020,2811,2853.699951,2805,2838.199951,2687.3125,2863460
18-12-2020,2868,2898,2846.199951,2861,2708.900391,6076692
21-12-2020,2861,2886.5,2785,2820.149902,2670.221924,2705195
22-12-2020,2834,2883.649902,2818.649902,2872.5,2719.788574,2881737
23-12-2020,2876.050049,2919,2865.449951,2908.75,2754.112061,2790988
24-12-2020,2909,2921.350098,2883.199951,2909.350098,2754.679688,1807144
28-12-2020,2910,2949.699951,2902,2929.399902,2773.664063,2108994
29-12-2020,2920,2952,2920,2930.5,2774.705566,1994151
30-12-2020,2934.399902,2947.699951,2902,2909.300049,2754.632568,2637968
31-12-2020,2900,2905,2845,2862.75,2710.557129,4040956
01-01-2021,2880,2940,2879,2928.25,2772.575195,2681440
04-01-2021,2950,3050.75,2940.949951,3039.449951,2877.863281,5113293
05-01-2021,3039.600098,3114.25,3039.600098,3093,2928.566895,5801309
06-01-2021,3100,3113.5,3037.199951,3051.5,2889.272705,3726716
07-01-2021,3075,3080.850098,3000.25,3032.800049,2871.56665,3717827
08-01-2021,3090,3128,3060,3120.899902,2954.98291,5879039
11-01-2021,3230,3230,3146.550049,3176.449951,3007.579834,9508039
12-01-2021,3176.449951,3210,3150,3174.850098,3006.064941,3611458
13-01-2021,3175,3177,3126.25,3158.949951,2991.010498,3572801
14-01-2021,3155,3266.5,3120.399902,3250.699951,3083.739746,6931542
15-01-2021,3235,3274,3210,3233.350098,3067.280518,4131692
18-01-2021,3250,3256.75,3187.399902,3221.75,3056.276611,4160906
19-01-2021,3233,3279,3232,3260.699951,3093.226074,2975735
20-01-2021,3270,3327.949951,3267.100098,3308.800049,3138.855713,3453446
21-01-2021,3305,3309.149902,3262.100098,3273.850098,3105.700928,2778546
22-01-2021,3241.899902,3325,3241.899902,3303.100098,3133.448486,3052459
25-01-2021,3308.949951,3339.800049,3278.649902,3291.300049,3122.25415,2272887
27-01-2021,3300,3306.449951,3227,3261.050049,3093.55835,2786662
28-01-2021,3230,3275,3183.800049,3196.550049,3032.370605,3083938
29-01-2021,3210.050049,3216.850098,3100,3111.350098,2951.547119,5445659
01-02-2021,3100,3165,3044.100098,3139.350098,2978.108643,3985846
02-02-2021,3174,3224,3150,3203.449951,3038.91626,2881837
03-02-2021,3213,3236,3162.649902,3200.050049,3035.690918,2505866
04-02-2021,3216.050049,3237.850098,3176,3188.449951,3024.687012,2057261
05-02-2021,3198.949951,3205.850098,3129,3157.949951,2995.753662,2366135
08-02-2021,3189.5,3226,3155.149902,3214.100098,3049.019531,2526592
09-02-2021,3195,3245.800049,3164,3176.899902,3013.730225,2658751
10-02-2021,3185,3219.399902,3157.300049,3213.300049,3048.260986,2127983
11-02-2021,3215,3219.300049,3185.050049,3206,3041.335205,1165882
12-02-2021,3184.199951,3245.5,3182,3190.800049,3026.916504,2777404
15-02-2021,3209,3209,3131.550049,3139.850098,2978.583252,2630853
16-02-2021,3150,3167.649902,3100,3108.800049,2949.128174,3435770
17-02-2021,3105.100098,3132.850098,3045.550049,3073.100098,2915.261475,3678426
18-02-2021,3065,3097.899902,3031,3057.350098,2900.320801,4189909
19-02-2021,3058,3087.149902,3016.149902,3071.850098,2914.075684,3725028
22-02-2021,3096,3096,2943.149902,2958.449951,2806.5,5366696
23-02-2021,2970,3028,2968,2980.199951,2827.133057,3832829
24-02-2021,2972,3003.350098,2921.149902,2948.100098,2796.681885,3774549
25-02-2021,2974,3029.899902,2968.449951,2995.300049,2841.457275,4224073
26-02-2021,2960,2972.350098,2880,2894.300049,2745.645264,5553153
01-03-2021,2926,2965,2901.800049,2924.199951,2774.009033,3265871
02-03-2021,2960,3025,2948,3006.350098,2851.939941,3306469
03-03-2021,3035,3064,2996.899902,3059.100098,2901.980469,3509857
04-03-2021,3023,3081.449951,3016.050049,3049.699951,2893.062988,3916760
05-03-2021,3016.100098,3063.199951,2996.600098,3008.050049,2853.552246,3203686
08-03-2021,3016,3033,2996,3006.949951,2852.509033,2003125
09-03-2021,3006.949951,3066.899902,2992.100098,3050.949951,2894.248779,1942397
10-03-2021,3075,3093.199951,3060,3070.949951,2913.221924,3053778
12-03-2021,3075,3117,3041.350098,3057.949951,2900.889404,2938317
15-03-2021,3041,3099,3041,3066.149902,2908.668701,3097083
16-03-2021,3060,3141,3060,3110.050049,2950.313721,4894756
17-03-2021,3105,3155,3085.300049,3112.949951,2953.064453,3838390
18-03-2021,3125.949951,3146.449951,2987.050049,3036.5,2880.541016,3656306
19-03-2021,3030,3099,3005,3050.199951,2893.537842,5776626
22-03-2021,3048.699951,3139.449951,3018.649902,3129.649902,2968.906738,2821646
23-03-2021,3140,3169,3122.850098,3142.600098,2981.191895,3305973
24-03-2021,3111.199951,3152.300049,3111.149902,3121.100098,2960.796387,2207104
25-03-2021,3112.199951,3130.850098,3050,3064.850098,2907.435303,3179786
26-03-2021,3090.649902,3118,3043.050049,3066.800049,2909.2854,3697370
30-03-2021,3083,3188.449951,3060.899902,3158.550049,2996.32251,4694008
31-03-2021,3155,3205,3132,3177.850098,3014.631836,3530069
01-04-2021,3191.100098,3215,3145,3165,3002.441406,4285076
05-04-2021,3171,3263,3151,3238.899902,3072.545654,5317862
06-04-2021,3275,3275,3230,3264.699951,3097.020996,2291562
07-04-2021,3259,3277.550049,3234.800049,3271.399902,3103.376953,2491268
08-04-2021,3270,3335,3266.050049,3317.350098,3146.966064,2578118
09-04-2021,3354,3354.350098,3308,3322.25,3151.61499,2911129
12-04-2021,3322.25,3338.100098,3213.199951,3246.550049,3079.803223,3791828
13-04-2021,3214,3214,3073.050049,3104.050049,2944.621582,8654596
15-04-2021,3160.300049,3237.25,3087.449951,3218.949951,3053.620117,6062760
16-04-2021,3229,3247,3182.600098,3195.149902,3031.04248,3224657
19-04-2021,3169,3189,3135.100098,3161.800049,2999.405762,2679106
20-04-2021,3225,3225.350098,3126.350098,3144.550049,2983.041748,3141893
22-04-2021,3148,3148,3105.25,3118.800049,2958.614258,1988980
23-04-2021,3105,3119,3091.050049,3109.5,2949.791992,1615309
26-04-2021,3102.050049,3153,3088.050049,3100.800049,2941.538818,2490260
27-04-2021,3106,3136.100098,3103,3132,2971.135986,1471417
28-04-2021,3149.949951,3151,3112,3124.100098,2963.641846,1639037
29-04-2021,3145.600098,3157.350098,3105.5,3115.25,2955.246338,1621395
30-04-2021,3099,3132.050049,3020,3035.649902,2879.734863,3072305
03-05-2021,3024.899902,3055,3004,3037,2881.015625,1545831
04-05-2021,3062.800049,3090,3035,3049.75,2893.110596,1990777
05-05-2021,3070,3099.399902,3052.399902,3095.699951,2936.700684,1939289
06-05-2021,3105.5,3134,3074,3111.449951,2951.641846,1791671
07-05-2021,3133,3159.850098,3111.800049,3132.899902,2971.98999,1912540
10-05-2021,3145.949951,3164.199951,3125,3145.5,2983.943115,2137153
11-05-2021,3125,3128.100098,3091.149902,3122.600098,2962.218994,2415625
12-05-2021,3120,3120,3070.600098,3087.600098,2929.01709,1978558
14-05-2021,3098.5,3098.5,3040,3051.5,2894.770752,2043935
17-05-2021,3055,3075.199951,3036,3069.75,2912.08374,2890462
18-05-2021,3100,3124,3078,3088.800049,2930.155273,2098538
19-05-2021,3084,3118,3067.100098,3082,2923.703857,1986041
20-05-2021,3067.100098,3088.800049,3052.100098,3060,2902.834473,2329027
21-05-2021,3061,3088.199951,3055.100098,3080.5,2922.28125,1685566
24-05-2021,3081.5,3105,3072,3081.5,2923.230225,1652260
25-05-2021,3092,3128.25,3082.100098,3114,2968.510742,1841613
26-05-2021,3120,3165,3103.800049,3158.5,3010.931641,1923753
27-05-2021,3161.949951,3217.75,3161.800049,3180,3031.426758,5959785
28-05-2021,3189.5,3198,3135.649902,3143.600098,2996.728027,1763701
31-05-2021,3150,3170.350098,3128.600098,3159.149902,3011.550781,1652799
01-06-2021,3168.600098,3169.949951,3132,3153,3005.688477,1377441
02-06-2021,3150.850098,3159.449951,3115,3129.449951,2983.23877,2240078
03-06-2021,3154.550049,3154.550049,3122.649902,3141.25,2994.487549,1281706
04-06-2021,3128,3156.850098,3125,3143.75,2996.87085,1836060
07-06-2021,3145,3190.449951,3133.600098,3183.199951,3034.477539,2559821
08-06-2021,3198,3231,3187.199951,3200.149902,3050.635498,2574057
09-06-2021,3202,3220,3186.199951,3200.25,3050.730713,1710925
10-06-2021,3210,3224,3193,3216.800049,3066.507568,1874324
11-06-2021,3211.550049,3309,3211,3273.800049,3120.844727,3452954
14-06-2021,3279,3308.699951,3270.350098,3276.350098,3123.275879,1847360
15-06-2021,3298,3298,3251.550049,3262.75,3110.311035,1304985
16-06-2021,3262.100098,3294.699951,3253,3274.350098,3121.368896,1635552
17-06-2021,3265.5,3336.050049,3260,3317.75,3162.741211,2273413
18-06-2021,3350.899902,3358,3275,3297.300049,3143.246826,3380431
21-06-2021,3265,3286,3251.699951,3273.100098,3120.177734,1130569
22-06-2021,3304,3327.050049,3285,3301.199951,3146.964111,1708688
23-06-2021,3329,3329,3256.399902,3261.399902,3109.023682,1467104
24-06-2021,3284,3383,3278.5,3373.600098,3215.982422,4155204
25-06-2021,3375.25,3399.649902,3350,3380.800049,3222.845703,2722861
28-06-2021,3391.5,3391.5,3333,3336.75,3180.85376,1355238
29-06-2021,3342,3366.300049,3326.5,3340.850098,3184.761963,1497322
30-06-2021,3346,3382,3338.5,3345.75,3189.433105,1693146
01-07-2021,3358,3362,3332.350098,3341.5,3185.381592,990310
02-07-2021,3331,3339.699951,3295.199951,3325.449951,3170.081299,1682274
05-07-2021,3342,3374,3302,3321,3165.8396,1972858
06-07-2021,3313,3328,3256.100098,3262.300049,3109.882324,2159420
07-07-2021,3275,3282.699951,3241.600098,3274.949951,3121.941406,2640710
08-07-2021,3298,3298,3231.899902,3258.5,3106.259521,2485811
09-07-2021,3250,3282,3201,3208.149902,3058.261719,6365067
12-07-2021,3235,3236,3188.350098,3193.100098,3043.915039,1892226
13-07-2021,3214,3214,3175,3187.550049,3038.624512,1809339
14-07-2021,3187,3222,3185,3214.550049,3064.362549,2044279
15-07-2021,3227.600098,3231.850098,3194,3202.949951,3059.968018,2232968
16-07-2021,3213,3219.850098,3192,3194.800049,3052.181885,1256526
19-07-2021,3180,3199.800049,3176,3184.600098,3042.437744,1597058
20-07-2021,3184.600098,3215,3156.149902,3205.800049,3062.690918,1811945
22-07-2021,3190,3224.949951,3190,3216.350098,3072.77002,2859334
23-07-2021,3230,3241.550049,3206.649902,3212.850098,3069.425781,1776193
26-07-2021,3200,3224.25,3190.850098,3197.550049,3054.809326,1259611
27-07-2021,3200,3210,3161.149902,3182.949951,3040.861084,1121367
28-07-2021,3188,3204.449951,3132.399902,3197.800049,3055.047852,1660654
29-07-2021,3200.25,3225.449951,3190.300049,3195.800049,3053.137695,1731997
30-07-2021,3219,3223.5,3162.350098,3167.449951,3026.052979,2999943
02-08-2021,3180,3224.899902,3167,3219.399902,3075.683594,2608669
03-08-2021,3229,3290,3218.949951,3284.899902,3138.260254,3804735
04-08-2021,3300,3305.199951,3261.199951,3273.949951,3127.798584,2929598
05-08-2021,3275,3315,3262.5,3283.949951,3137.352295,2534521
06-08-2021,3272.550049,3324,3265,3309.800049,3162.048584,2292362
09-08-2021,3323.899902,3337,3310,3322.699951,3174.372314,1510489
10-08-2021,3315.600098,3349.899902,3315.600098,3333.899902,3185.072998,2040777
11-08-2021,3350,3360,3327.100098,3344.199951,3194.912598,1929707
12-08-2021,3326,3368,3326,3351.75,3202.125732,1310205
13-08-2021,3360.75,3480,3357.5,3463.399902,3308.791504,4363584
16-08-2021,3460,3494.350098,3436.5,3472.949951,3317.915283,2083489
17-08-2021,3482.100098,3560.800049,3463,3553.050049,3394.439697,4336019
18-08-2021,3573.850098,3595,3536.600098,3560.550049,3401.604736,2631309
20-08-2021,3506,3575,3500,3559.5,3400.602295,2836148
23-08-2021,3580,3673,3561.899902,3637.399902,3475.023926,3744176
24-08-2021,3657,3667.350098,3594.399902,3613.199951,3451.904297,2511141
25-08-2021,3610,3697.75,3607.050049,3659,3495.659912,2123263
26-08-2021,3660,3687.600098,3647.899902,3671.850098,3507.936279,1902533
27-08-2021,3666,3729.5,3651.100098,3720.149902,3554.07959,3944728
30-08-2021,3715,3740.350098,3687.600098,3701.300049,3536.071533,2033114
31-08-2021,3709.399902,3804.100098,3703.449951,3786.449951,3617.420166,3207480
01-09-2021,3796,3816.699951,3707,3714.949951,3549.112305,2643336
02-09-2021,3734,3859.149902,3722,3836.75,3665.474854,3403717
03-09-2021,3825,3856.899902,3804.550049,3842.050049,3670.538574,1746812
06-09-2021,3849.699951,3877.600098,3814,3852,3680.044189,1723693
07-09-2021,3864,3869.949951,3808.25,3815.899902,3645.555664,1585039
08-09-2021,3810,3815,3756,3774.149902,3605.669434,4147175
09-09-2021,3789.699951,3808.699951,3765,3791.399902,3622.14917,1441148
13-09-2021,3767,3852.399902,3767,3845.350098,3673.690918,1691473
14-09-2021,3849.949951,3896.5,3825,3885.899902,3712.430664,1991188
15-09-2021,3882.100098,3980,3866,3954.550049,3778.016357,2461369
16-09-2021,3930,3981.75,3892.100098,3903.300049,3729.054199,2946666
17-09-2021,3920,3945,3805,3827.850098,3656.972412,6477148
20-09-2021,3809,3871,3807.850098,3823.5,3652.816406,2002008
21-09-2021,3858,3871.550049,3821.649902,3862.949951,3690.505371,1568129
22-09-2021,3862.5,3896.850098,3852.449951,3862.149902,3689.740967,1744067
23-09-2021,3870,3879,3835,3869.25,3696.524414,2003869
24-09-2021,3890,3944.399902,3855,3871.300049,3698.48291,2320754
27-09-2021,3900,3904,3802.899902,3836.949951,3665.666016,1673362
28-09-2021,3850,3850,3751.25,3779.149902,3610.446289,2253075
29-09-2021,3759.800049,3806,3722.149902,3791.899902,3622.626953,2489161
30-09-2021,3805,3805,3750.100098,3775.550049,3607.00708,2252412
01-10-2021,3781.75,3810,3725,3730.199951,3563.681396,1578374
04-10-2021,3724.800049,3783.649902,3707.449951,3773.300049,3604.857666,1356860
05-10-2021,3754,3840,3741.600098,3833.300049,3662.179199,1877966
06-10-2021,3836,3857.449951,3795,3810.899902,3640.778564,1678154
07-10-2021,3830,3899,3820.050049,3892.899902,3719.118164,1647233
08-10-2021,3925,3989.899902,3900,3935.649902,3759.959717,2934339
11-10-2021,3755,3757.5,3660,3685.600098,3521.072754,11845402
12-10-2021,3706,3707,3630.600098,3652.850098,3489.784424,5752877
13-10-2021,3650,3675.449951,3645,3655.199951,3492.029297,3545655
14-10-2021,3625,3670,3608.199951,3611.449951,3456.852539,6442299
18-10-2021,3603.449951,3652.699951,3601.449951,3647.149902,3491.02417,3590107
19-10-2021,3669,3690.100098,3625.199951,3634.149902,3478.580811,3135441
20-10-2021,3612,3630,3578.300049,3608.850098,3454.364502,2933693
21-10-2021,3604.100098,3607.449951,3511.25,3532.5,3381.282471,4871211
22-10-2021,3560,3561.600098,3485,3498.850098,3349.072754,2691670
25-10-2021,3503,3514.550049,3450,3492.949951,3343.425293,2595594
26-10-2021,3494.5,3529,3475,3482.600098,3333.518799,3878763
27-10-2021,3483,3511.25,3483,3489.75,3340.362305,2510813
28-10-2021,3518,3518,3415,3421.649902,3275.17749,2424942
29-10-2021,3400.050049,3461,3385.949951,3397.75,3252.300781,3960501
01-11-2021,3437.949951,3487,3412.949951,3476.399902,3327.583984,2020718
02-11-2021,3494,3513.600098,3469.75,3484.199951,3335.050049,3087414
03-11-2021,3504.199951,3519.899902,3466.050049,3492.25,3342.755371,1537639
04-11-2021,3512.949951,3513.25,3505,3508.649902,3358.453369,328991
08-11-2021,3548,3548,3481.199951,3502.75,3352.805664,2526082
09-11-2021,3508,3535,3496,3505.699951,3355.62915,1782692
10-11-2021,3498,3519.699951,3480.199951,3484.300049,3335.145752,1516489
11-11-2021,3480,3510.050049,3436,3488.199951,3338.878662,1284514
12-11-2021,3506,3534.149902,3485.699951,3526.050049,3375.108643,1747259
15-11-2021,3528,3569.600098,3528,3553.300049,3401.191895,1809157
16-11-2021,3569,3575.550049,3542,3556.399902,3404.15918,2013204
17-11-2021,3550.600098,3562.850098,3506.399902,3521.899902,3371.135986,1632914
18-11-2021,3515.149902,3520.850098,3451.600098,3475.699951,3326.913818,2136598
22-11-2021,3478.399902,3515.949951,3440.300049,3458.399902,3310.354492,3167936
23-11-2021,3445,3480.949951,3407.800049,3464.25,3315.954102,2153461
24-11-2021,3472.199951,3493.050049,3424,3443.300049,3295.900879,2161746
25-11-2021,3443.899902,3463,3434.050049,3445.899902,3298.389404,1849619
26-11-2021,3425,3490,3411.899902,3446.850098,3299.299072,1941251
29-11-2021,3447.149902,3529.350098,3406.449951,3502,3352.087891,2981745
30-11-2021,3491,3563.75,3491,3529.149902,3378.075928,5588446
01-12-2021,3535,3590,3535,3577.800049,3424.643311,2102118
02-12-2021,3589.199951,3648,3574.100098,3642.899902,3486.956299,3152938
03-12-2021,3646.449951,3665.949951,3630.850098,3640.449951,3484.611084,2486263
06-12-2021,3640.449951,3658,3522,3536.399902,3385.015381,1849642
07-12-2021,3562.5,3598,3524.300049,3584.5,3431.056396,1484458
08-12-2021,3601,3646.449951,3601,3626.899902,3471.640869,1428660
09-12-2021,3610,3634.75,3566,3601.75,3447.568115,1567957
10-12-2021,3585,3642,3575.100098,3636.800049,3481.11792,1510718
13-12-2021,3650,3662,3601.699951,3609.649902,3455.129395,1883864
14-12-2021,3605,3635,3576.699951,3623.800049,3468.674316,1747007
15-12-2021,3620,3623,3558.149902,3570.350098,3417.512207,1603233
16-12-2021,3582,3608.449951,3570,3581.600098,3428.280518,2072320
17-12-2021,3602.5,3651.350098,3573.699951,3584.350098,3430.912842,4333992
20-12-2021,3589,3606,3510.149902,3556.899902,3404.637451,2312310
21-12-2021,3582.649902,3641.199951,3566.399902,3608.300049,3453.837646,2340989
22-12-2021,3624,3636.800049,3606.25,3630.75,3475.326904,1224328
23-12-2021,3648,3670.5,3630,3662.699951,3505.908936,1792861
24-12-2021,3685,3705,3644.800049,3670.899902,3513.757568,2209923
27-12-2021,3671,3700,3653.100098,3696.100098,3537.87915,1534135
28-12-2021,3710,3725,3693.850098,3706.550049,3547.881836,1456218
29-12-2021,3692.25,3719.949951,3685,3694.699951,3536.538818,1456923
30-12-2021,3681.350098,3740,3680,3733.75,3573.91748,1966475
31-12-2021,3742.800049,3760,3731.300049,3738.350098,3578.320557,1207141
03-01-2022,3750,3830,3745,3817.75,3654.321289,2346158
04-01-2022,3831.100098,3889.149902,3811.699951,3884.75,3718.453369,2488606
05-01-2022,3865,3870,3812.399902,3860.949951,3695.672363,1733031
06-01-2022,3812,3835,3772,3807.449951,3644.462402,1810293
07-01-2022,3820,3864.899902,3796.399902,3853.5,3688.541016,2460591
10-01-2022,3978,3978,3861,3879.850098,3713.763184,3937092
11-01-2022,3856,3925,3856,3915.899902,3748.27002,1906106
12-01-2022,3925,3929,3836.550049,3859.899902,3694.666992,3203744
13-01-2022,3918,3923,3857,3897.899902,3731.040283,6684507
14-01-2022,3877.850098,3977,3860.050049,3968.149902,3798.283203,3348123
17-01-2022,3992.699951,4043,3962.300049,4019.149902,3847.099854,3442604
18-01-2022,4033.949951,4041.699951,3980,3990.600098,3819.771973,2389041
19-01-2022,4012,4012,3910.5,3914.649902,3753.657715,3102539
20-01-2022,3910,3920,3811,3826.550049,3669.181152,6176776
21-01-2022,3807,3851.550049,3771.100098,3833.5,3675.844971,3112358
24-01-2022,3840,3849.649902,3740.100098,3771.350098,3616.251221,3258414
25-01-2022,3769.5,3809.399902,3722.199951,3769.899902,3614.860596,3330501
27-01-2022,3731,3733.399902,3625.100098,3649.25,3499.172852,5718297
28-01-2022,3646,3729.800049,3646,3690.050049,3538.294678,3143862
31-01-2022,3749,3758,3721.399902,3736.25,3582.594727,2739393
01-02-2022,3770,3808,3736.399902,3800.649902,3644.346191,2105169
02-02-2022,3827.899902,3864,3800.649902,3856.199951,3697.611572,1984212
03-02-2022,3851,3882.5,3816.050049,3824.600098,3667.311279,1960538
04-02-2022,3815.300049,3824.699951,3769,3814.899902,3658.009766,2307366
07-02-2022,3791,3831.800049,3756.149902,3779,3623.58667,1919149
08-02-2022,3791.550049,3799.699951,3721,3743.449951,3589.498535,2946443
09-02-2022,3750,3777.949951,3746.100098,3760.550049,3605.895508,1638721
10-02-2022,3789.800049,3789.800049,3758,3770.350098,3615.29248,2112459
11-02-2022,3752.5,3752.5,3690,3694.949951,3542.993164,3851488
14-02-2022,3724,3793.25,3710,3733.75,3580.197266,5951745
15-02-2022,3786,3835,3748,3817.800049,3660.790527,3931683
16-02-2022,3844,3854.100098,3806,3813.100098,3656.28418,3256906
17-02-2022,3825,3835,3779,3784.199951,3628.57251,3134372
18-02-2022,3769,3815.949951,3757.600098,3793.899902,3637.873779,3688883
21-02-2022,3810,3827.800049,3705.550049,3719.399902,3566.437744,7465922
22-02-2022,3650,3667.899902,3570,3586.399902,3438.907227,5408531
23-02-2022,3611,3622.899902,3555.649902,3563.800049,3417.236816,2426203
24-02-2022,3474,3483.850098,3391.100098,3401.649902,3261.755127,5039136
25-02-2022,3468,3530,3462,3520.75,3375.957031,2549723
28-02-2022,3490,3563.75,3455.899902,3554.199951,3408.031494,3288942
02-03-2022,3552.5,3571.949951,3506,3546.149902,3400.312256,2761341
03-03-2022,3562.850098,3578.600098,3530.100098,3544.399902,3398.634521,1928039
04-03-2022,3501.5,3561.199951,3487.050049,3524.350098,3379.40918,2370257
07-03-2022,3450,3548,3431.550049,3484.899902,3341.581299,3054130
08-03-2022,3460,3609,3460,3599.949951,3451.900146,3300992
09-03-2022,3605,3654,3597.050049,3632.600098,3483.207275,2719654
10-03-2022,3684,3684,3615,3620.949951,3472.036133,2005441
11-03-2022,3603.25,3639.850098,3592.850098,3599.149902,3451.132568,1623423
14-03-2022,3580,3648.350098,3580,3643,3493.179688,1765688
15-03-2022,3659,3659,3585.399902,3593.899902,3446.098633,3651133
16-03-2022,3640.5,3668,3616.25,3655.899902,3505.548828,3090475
17-03-2022,3696.600098,3710,3660.300049,3672.75,3521.705811,3600452
21-03-2022,3696,3713.949951,3615,3626.699951,3477.549805,2413831
22-03-2022,3640,3711,3625,3700.949951,3548.746338,2907611
23-03-2022,3708,3729.800049,3690,3712.399902,3559.725342,1596195
24-03-2022,3700,3758.199951,3695,3749.850098,3595.635498,1879046
25-03-2022,3759.899902,3779.5,3672,3707.449951,3554.979004,1690133
28-03-2022,3695,3713,3661.199951,3707.699951,3555.218506,1760990
29-03-2022,3694.75,3722,3691,3705.350098,3552.965332,2689063
30-03-2022,3738,3738,3706.199951,3731.550049,3578.087891,1583455
31-03-2022,3740,3754.649902,3720.199951,3739.949951,3586.142578,2168110
01-04-2022,3748,3763,3728.050049,3758.75,3604.169189,1387014
04-04-2022,3762,3780,3737.100098,3770.350098,3615.29248,1472994
05-04-2022,3772,3835.600098,3772,3814.800049,3657.914063,2314947
06-04-2022,3809.300049,3809.300049,3731.149902,3755.350098,3600.909424,2051729
07-04-2022,3745.5,3745.5,3679,3684.149902,3532.637451,2494829
08-04-2022,3690,3705,3642.5,3685.649902,3534.075439,2296773
11-04-2022,3690,3712.350098,3656.100098,3696.399902,3544.383301,2291660
12-04-2022,3683,3739,3648.350098,3691.100098,3539.301514,4483476
13-04-2022,3707,3709.850098,3655.550049,3661.949951,3511.350098,1621672
18-04-2022,3610,3610,3522.5,3528.050049,3382.957031,3820792
19-04-2022,3550,3563.550049,3439.149902,3471.899902,3329.116455,3170014
20-04-2022,3500,3569.149902,3480,3556.800049,3410.524414,2640370
21-04-2022,3580,3644,3567.399902,3628.649902,3479.419434,2280996
22-04-2022,3581.100098,3617,3571.5,3612.550049,3463.981934,1581465
25-04-2022,3558,3584,3533.100098,3548.199951,3402.27832,1960694
26-04-2022,3575.149902,3587.899902,3518.149902,3546.300049,3400.456299,1943469
27-04-2022,3546,3568.449951,3506.300049,3561.199951,3414.743652,1727648
28-04-2022,3588,3604.399902,3538.050049,3584.300049,3436.893799,1703660
29-04-2022,3597,3623.25,3536.850098,3546.699951,3400.839844,2051115
02-05-2022,3519.899902,3547.949951,3492.75,3542.399902,3396.716797,1324161
04-05-2022,3538.5,3545.449951,3465.300049,3479.75,3336.643311,2305825
05-05-2022,3512.100098,3533,3485.350098,3513.399902,3368.90918,1612262
06-05-2022,3459,3474.5,3424.5,3432.600098,3291.432129,2010812
09-05-2022,3398,3456,3346.850098,3445.100098,3303.418457,2481830
10-05-2022,3434,3464.800049,3422,3438.75,3297.32959,1622685
11-05-2022,3435,3448.449951,3382.149902,3412,3271.679932,1841769
12-05-2022,3378,3449.699951,3350.100098,3408.649902,3268.467529,2807195
13-05-2022,3435,3439.899902,3382.149902,3414.899902,3274.460205,2187823
16-05-2022,3415,3430,3366.600098,3376.800049,3237.927002,1195813
17-05-2022,3370,3467,3350.399902,3451.600098,3309.651123,1754076
18-05-2022,3465,3495,3443.050049,3448.800049,3306.966309,1866781
19-05-2022,3397,3405,3230,3261.949951,3127.800781,4642963
20-05-2022,3310,3313.899902,3270.050049,3293,3157.573486,3065125
23-05-2022,3304.800049,3338.899902,3267,3321.75,3185.141113,2293690
24-05-2022,3315.149902,3324.850098,3275.600098,3288,3152.779053,1711510
25-05-2022,3292.850098,3292.850098,3154.050049,3167.649902,3057.838623,3548046
26-05-2022,3191,3241.5,3180.550049,3226.949951,3115.082764,2813186
27-05-2022,3253.199951,3278.899902,3229.199951,3261.300049,3148.242188,3103153
30-05-2022,3297,3386.600098,3286.350098,3375.25,3258.241943,2094624
31-05-2022,3354.149902,3383.399902,3325,3364.350098,3247.719727,4840965
01-06-2022,3388,3388,3340.050049,3355.199951,3238.887207,1493835
02-06-2022,3355,3432,3346.300049,3423,3304.33667,2657939
03-06-2022,3459.399902,3477.300049,3431.199951,3440.149902,3320.891846,1913622
06-06-2022,3418,3453,3377.149902,3430.949951,3312.010742,1084210
07-06-2022,3401.050049,3418.850098,3356,3362.699951,3246.126465,2308256
08-06-2022,3380.149902,3413.949951,3346.5,3404.149902,3286.139648,2185707
09-06-2022,3385,3437,3353.100098,3427.100098,3308.294189,1279197
10-06-2022,3382,3393,3352,3359.899902,3243.423584,1527582
13-06-2022,3290,3293,3192.449951,3219.600098,3107.987549,3030921
14-06-2022,3190,3238.899902,3174.699951,3210.550049,3099.251465,2611493
15-06-2022,3218.5,3234,3201,3206.300049,3095.148438,1404536
16-06-2022,3240,3244.850098,3133.050049,3142,3033.077881,2032028
17-06-2022,3092,3118.75,3023.850098,3088.899902,2981.818604,5240434
20-06-2022,3094,3138.75,3069,3112.399902,3004.503662,1502769
21-06-2022,3130,3237.75,3125.399902,3211.949951,3100.602783,2964461
22-06-2022,3199.899902,3250.550049,3183,3222.949951,3111.221436,3336315
23-06-2022,3222.949951,3318,3222.949951,3308.800049,3194.095459,3692578
24-06-2022,3339,3345,3277.5,3293.100098,3178.939941,2132118
27-06-2022,3350,3362.899902,3306.5,3314.699951,3199.791016,2037686
28-06-2022,3307,3330,3272.600098,3318.149902,3203.12085,1400046
29-06-2022,3271,3333,3271,3290.5,3176.429688,2133994
30-06-2022,3272,3310.899902,3255,3267.100098,3153.84082,2719603
01-07-2022,3260,3333,3252.050049,3315.100098,3200.177002,1502879
04-07-2022,3312,3317.949951,3225.050049,3235.050049,3122.9021,2622535
05-07-2022,3255,3272,3206.949951,3216.300049,3104.802002,2170627
06-07-2022,3218.5,3268.5,3202.25,3260.75,3147.711182,2182144
07-07-2022,3271,3319.399902,3265.050049,3287.850098,3173.871582,1989921
08-07-2022,3300,3305,3250,3265.449951,3152.248291,2136916
11-07-2022,3206.149902,3225,3106,3113.800049,3005.855225,6974600
12-07-2022,3114.899902,3136.199951,3080.25,3084.699951,2977.763916,3734815
13-07-2022,3104,3110,3035,3038.75,2933.406982,3863530
14-07-2022,3056,3057,2967,2998.75,2902.434814,4764908
15-07-2022,3018.550049,3028.899902,2953,2994.600098,2898.418213,4574806
18-07-2022,3023,3076.949951,3014.300049,3063.5,2965.105469,3202795
19-07-2022,3030.050049,3078.949951,3030.050049,3074.25,2975.51001,1865074
20-07-2022,3107.800049,3171.949951,3098.050049,3164.800049,3063.151611,3402251
21-07-2022,3167,3184,3144.050049,3177.300049,3075.250244,2420640
22-07-2022,3185,3197,3143.5,3171,3069.152344,2075886
25-07-2022,3165,3186.449951,3149.100098,3166.75,3065.038818,1797504
26-07-2022,3164.699951,3168.899902,3096.5,3115.899902,3015.822266,2639367
27-07-2022,3115,3194.100098,3110,3188.850098,3086.429443,1389808
28-07-2022,3216,3264,3201.649902,3260.5,3155.777832,2106333
29-07-2022,3290,3317.300049,3275,3301.899902,3195.848145,2430257
01-08-2022,3327,3327,3271,3298.800049,3192.8479,1306913
02-08-2022,3290,3312.899902,3271.649902,3291.800049,3186.07251,1269114
03-08-2022,3280,3349,3277.050049,3339.5,3232.240479,2895824
04-08-2022,3350,3387.899902,3307.350098,3354.949951,3247.194336,2150567
05-08-2022,3361.199951,3377,3355,3365.050049,3256.970215,1106933
08-08-2022,3365,3378.899902,3336,3374.449951,3266.068115,1068836
10-08-2022,3385,3385,3335,3354.25,3246.516846,1878359
11-08-2022,3400,3428.699951,3375.050049,3422.5,3312.574707,1449248
12-08-2022,3419,3419,3381.25,3401.550049,3292.297852,1472354
16-08-2022,3411,3414.850098,3387.5,3392.699951,3283.731934,839942
17-08-2022,3385.100098,3417.949951,3371.100098,3401.100098,3291.862305,1622326
18-08-2022,3390,3392,3362,3381.25,3272.649414,1430659
19-08-2022,3387,3421.5,3371.25,3385.75,3277.004883,1398410
22-08-2022,3365,3384.100098,3347.399902,3354.550049,3246.807373,1536532
23-08-2022,3319.949951,3341.899902,3270,3284.600098,3179.104004,1849256
24-08-2022,3292,3308,3250.199951,3255.350098,3150.793213,1691923
25-08-2022,3276,3278.149902,3214.75,3218.199951,3114.83667,1946930
26-08-2022,3234.300049,3257,3216.800049,3222.199951,3118.708008,1457962
29-08-2022,3125,3142.699951,3081,3132.550049,3031.9375,2539173
30-08-2022,3155,3226.5,3142.100098,3211.149902,3108.012695,3431525
01-09-2022,3190,3190,3121,3131.699951,3031.114746,3546935
02-09-2022,3163,3163,3120.300049,3130.399902,3029.856445,2052900
05-09-2022,3123.649902,3147.949951,3112.25,3133.399902,3032.76001,2147912
06-09-2022,3135.5,3140.850098,3106.350098,3127.050049,3026.614014,1936453
07-09-2022,3102,3161.899902,3102,3149.600098,3048.439941,1291534
08-09-2022,3170,3183.5,3160.100098,3169.649902,3067.845947,1346113
09-09-2022,3195,3233.5,3168.5,3217.649902,3114.303955,1561185
12-09-2022,3239.899902,3269.800049,3225,3242.949951,3138.791504,1785928
13-09-2022,3263.449951,3263.449951,3225,3229.350098,3125.628418,1972678
14-09-2022,3135,3141.399902,3113.800049,3120.399902,3020.17749,5090269
15-09-2022,3130,3137.75,3100,3104.350098,3004.643311,2138023
16-09-2022,3076,3094.350098,3000,3008.699951,2912.064941,5322221
19-09-2022,3036,3042,2987.800049,3028.800049,2931.519775,2072220
20-09-2022,3050,3079.949951,3030,3040.300049,2942.650635,1544295
21-09-2022,3028,3041.399902,2998.149902,3001.199951,2904.806396,2253818
22-09-2022,2990,3029.949951,2979.300049,3007.399902,2910.806885,2017983
23-09-2022,3004,3022.5,2979,2982.050049,2886.27124,2652374
26-09-2022,2959.850098,3025.850098,2926.100098,2994.399902,2898.224365,2925489
27-09-2022,3009.399902,3025,2976,3017.449951,2920.53418,2227447
28-09-2022,2980,3049.949951,2980,3035.649902,2938.149658,2739767
29-09-2022,3054,3055.850098,2990,2997.300049,2901.031494,2493902
30-09-2022,2990.850098,3019.699951,2950.100098,3004.550049,2908.048584,2817353
03-10-2022,2995,3020.699951,2974,2984.949951,2889.078125,1763331
04-10-2022,3029.949951,3098,3023,3091.149902,2991.867188,2145875
06-10-2022,3111,3124,3092.449951,3101.949951,3002.320068,1790816
07-10-2022,3097.399902,3105,3058.100098,3064.899902,2966.459961,1939879
10-10-2022,3010,3127,3005,3118.550049,3018.387207,3064063
11-10-2022,3100,3145,3053.350098,3069.550049,2970.960938,4730645
12-10-2022,3084.899902,3109.899902,3062.050049,3100.75,3001.158691,1665247
13-10-2022,3100.75,3110,3052.350098,3103.300049,3003.626953,2054781
14-10-2022,3145,3150,3071,3099.149902,2999.610107,2245977
17-10-2022,3072.649902,3128.399902,3071.449951,3111.75,3019.600098,1517005
18-10-2022,3150,3155.350098,3128.550049,3144.699951,3051.574463,1793722
19-10-2022,3159,3159,3112,3121.850098,3029.401123,1194289
20-10-2022,3105,3160,3105,3157.300049,3063.80127,1587601
21-10-2022,3157.800049,3160.399902,3127,3137.399902,3044.490479,1021913
24-10-2022,3170.100098,3178,3155,3161.699951,3068.071045,260949
25-10-2022,3180.5,3184.25,3151.149902,3162.100098,3068.458984,2069643
27-10-2022,3160.699951,3174,3134.350098,3157.399902,3063.898193,2438421
28-10-2022,3150,3178.5,3145,3163.25,3069.574951,1355739
31-10-2022,3199,3199,3177.800049,3193.149902,3098.589355,1919414
01-11-2022,3214.5,3262.600098,3203.449951,3259.699951,3163.168701,2991060
02-11-2022,3270,3270,3222.050049,3241.699951,3145.701904,1405955
03-11-2022,3228.050049,3228.050049,3195,3206.75,3111.786865,1422652
04-11-2022,3217,3220.050049,3166.149902,3217.399902,3122.121582,1464013
07-11-2022,3229,3242.800049,3195.100098,3233.699951,3137.938965,1474498
09-11-2022,3249.800049,3249.800049,3201.649902,3216.050049,3120.811523,1162267
10-11-2022,3170,3225,3170,3205.649902,3110.719482,1573092
11-11-2022,3269.600098,3341.600098,3255.050049,3315.949951,3217.75293,3265394
14-11-2022,3324,3349,3309,3335.5,3236.724121,1342074
15-11-2022,3321,3339.949951,3292,3332.600098,3233.910156,1400708
16-11-2022,3338.899902,3367.899902,3321.449951,3355.350098,3255.986328,1748235
17-11-2022,3340,3360,3317.75,3349,3249.824219,1417986
18-11-2022,3350,3362.75,3321,3343.449951,3244.438965,1164540
21-11-2022,3322.5,3333.699951,3273,3283.5,3186.26416,1304194
22-11-2022,3280,3318.949951,3255.25,3314.949951,3216.782715,1149739
23-11-2022,3330,3330,3291,3308.300049,3210.329834,1150011
24-11-2022,3316.25,3392.949951,3308.300049,3380.149902,3280.052002,1296591
25-11-2022,3383,3403.350098,3348,3389.649902,3289.270508,1588981
28-11-2022,3366,3417,3365.550049,3395.25,3294.70459,2195437
29-11-2022,3383,3429,3383,3397.350098,3296.742676,1576028
30-11-2022,3383,3414.899902,3375,3390.800049,3290.386719,3410702
01-12-2022,3425,3480,3420,3475.649902,3372.723633,2180856
02-12-2022,3458.100098,3468.899902,3413,3439.149902,3337.304688,2411749
05-12-2022,3433,3439.149902,3407,3425.899902,3324.447021,1475065
06-12-2022,3400.050049,3407.949951,3368,3385.350098,3285.098145,1166999
07-12-2022,3368.300049,3393.699951,3354,3380.600098,3280.488525,1167505
08-12-2022,3360,3380.600098,3339.449951,3350.550049,3251.328613,1285619
09-12-2022,3374.100098,3374.100098,3276.350098,3292.75,3195.23999,1797896
12-12-2022,3255.5,3296,3236.100098,3286.449951,3189.126465,1527610
13-12-2022,3277.199951,3336.449951,3267.800049,3332.100098,3233.424805,1378016
14-12-2022,3348.800049,3377,3340.899902,3365.350098,3265.690186,1213311
15-12-2022,3358.800049,3364.75,3298.949951,3305.100098,3207.224365,1415694
16-12-2022,3275,3292,3225.199951,3240.25,3144.294678,2703680
19-12-2022,3227,3245.5,3194.5,3202.050049,3107.226074,2120965
20-12-2022,3198.899902,3249,3163.649902,3243.949951,3147.885254,1529971
21-12-2022,3249,3283.050049,3240,3268.550049,3171.756836,1432566
22-12-2022,3294,3294,3245.100098,3259.699951,3163.168701,1384101
23-12-2022,3217,3266.850098,3217,3228.350098,3132.747559,1360281
26-12-2022,3228.350098,3272,3225.050049,3252.899902,3156.570068,870157
27-12-2022,3269.199951,3273.800049,3231.5,3259.5,3162.974854,835883
28-12-2022,3249.800049,3266.100098,3226,3257.100098,3160.645996,910795
29-12-2022,3231.100098,3271.5,3228,3268.75,3171.950928,1037927
30-12-2022,3286.050049,3299,3246.199951,3256.699951,3160.257568,1163131
02-01-2023,3261,3266.850098,3235.199951,3261.449951,3164.866943,709547
03-01-2023,3252,3320,3245.300049,3311.350098,3213.289307,1245178
04-01-2023,3306.699951,3327.350098,3286.199951,3314.649902,3216.491699,1231668
05-01-2023,3330.199951,3337.300049,3281.949951,3311.100098,3213.046875,1826057
06-01-2023,3300,3301.550049,3200,3211.550049,3116.444824,2488376
09-01-2023,3229,3327,3221.149902,3319.949951,3221.634521,2885060
10-01-2023,3285,3298,3230.100098,3286.399902,3189.078125,3864655
11-01-2023,3290.100098,3349.5,3271.149902,3328.699951,3230.125488,2720512
12-01-2023,3329,3350,3315.550049,3334.350098,3235.608398,2250391
13-01-2023,3342.899902,3379,3305,3374.550049,3274.617676,1742837
16-01-2023,3317,3353,3298.050049,3334.050049,3300.854004,1843607
17-01-2023,3330,3381.800049,3321,3378.399902,3344.761963,1688475
18-01-2023,3380,3408.949951,3372.25,3390,3356.246826,2421189
19-01-2023,3380,3387,3361,3373.100098,3339.515137,1585044
20-01-2023,3365,3394.649902,3355.600098,3363.100098,3329.614746,1529349
23-01-2023,3388,3419,3355.600098,3414.899902,3380.898926,1067916
24-01-2023,3425,3451.949951,3417.300049,3436.300049,3402.085693,1387863
25-01-2023,3425.300049,3435,3405,3429.75,3395.601074,874110
27-01-2023,3426,3446,3382.300049,3411.050049,3377.087402,1785879
30-01-2023,3420,3458.449951,3385.550049,3433.649902,3399.461914,1953798
31-01-2023,3449,3449,3351,3358.699951,3325.258545,2820375
01-02-2023,3363,3419,3355,3408.350098,3374.414063,2205161
02-02-2023,3427,3469,3420.100098,3460.399902,3425.945557,1813847
03-02-2023,3504,3504,3452.899902,3482.300049,3447.62793,1804469
06-02-2023,3473.149902,3473.149902,3436.850098,3459.949951,3425.500244,1138714
07-02-2023,3468.899902,3493,3461.399902,3472.550049,3437.974854,1455647
08-02-2023,3478.050049,3539.899902,3478.050049,3520.100098,3485.051514,1986946
09-02-2023,3515,3547.600098,3505.300049,3540.850098,3505.594971,1655427
10-02-2023,3520,3542.350098,3508.149902,3537.550049,3502.327881,1187821
13-02-2023,3549,3549,3473.399902,3482.399902,3447.726807,1087939
14-02-2023,3505,3524.850098,3495,3500.100098,3465.250732,1579818
15-02-2023,3487,3526,3460.149902,3520.649902,3485.595703,1429449
16-02-2023,3527.199951,3575,3527,3558.050049,3522.623535,1618931
17-02-2023,3526.149902,3538.899902,3490,3501.149902,3466.289795,1061369
20-02-2023,3502,3522,3475.050049,3487.300049,3452.578125,1296082
21-02-2023,3494,3508.899902,3444.75,3451,3416.639404,1139541
22-02-2023,3414.949951,3447,3395,3401.550049,3367.681885,1218430
23-02-2023,3421,3452.399902,3408,3413.800049,3379.809814,1441570
24-02-2023,3422.5,3433.949951,3382.300049,3400.449951,3366.592529,977592
27-02-2023,3390,3390,3316,3331.850098,3298.675781,1128022
28-02-2023,3328.5,3392,3299.899902,3312.850098,3279.86499,4116217
01-03-2023,3323,3389,3315,3385.699951,3351.989502,1669307
02-03-2023,3361,3369.899902,3318,3321.449951,3288.37915,1556538
03-03-2023,3354,3358,3331.100098,3342.149902,3308.873291,1043190
06-03-2023,3361.899902,3404.949951,3359,3371.850098,3338.277588,1334132
08-03-2023,3364,3396,3330.850098,3390.399902,3356.642822,1844590
09-03-2023,3385,3385,3330.850098,3336.850098,3303.626221,1648500
10-03-2023,3312.899902,3337.25,3290,3331,3297.834229,1024404
13-03-2023,3333,3369.800049,3272,3281.949951,3249.272461,1901233
14-03-2023,3280,3304.399902,3209.399902,3214.949951,3182.939697,2670334
15-03-2023,3250,3260.350098,3192,3198.899902,3167.049316,1780522
16-03-2023,3208,3219.800049,3172,3185,3153.287842,1901060
17-03-2023,3150.5,3221.399902,3144,3179.300049,3147.644775,6739966
20-03-2023,3169.649902,3169.649902,3095.050049,3143.300049,3112.003174,2289468
21-03-2023,3143.300049,3156.75,3097.449951,3106.100098,3075.173584,1815297
22-03-2023,3130.050049,3143.5,3106.100098,3130.800049,3099.627686,1123939
23-03-2023,3114.899902,3146.350098,3101,3124.649902,3093.538574,1372218
24-03-2023,3148.899902,3170,3106,3120.5,3089.429932,1329577
27-03-2023,3135,3152.75,3106,3122.300049,3091.212158,1524217
28-03-2023,3127,3149.550049,3110.149902,3115.899902,3084.875732,1303530
29-03-2023,3129,3150,3104.100098,3138.899902,3107.646973,1740616
31-03-2023,3189.949951,3213,3152,3205.899902,3173.979736,2382581
03-04-2023,3224.949951,3224.949951,3173.75,3200,3168.138672,1521830
05-04-2023,3185.5,3264.350098,3185.5,3239.800049,3207.542236,2655065
06-04-2023,3225,3257.350098,3215,3220.699951,3188.632568,1703464
10-04-2023,3220,3272,3215,3263.399902,3230.907227,2203187
11-04-2023,3264,3272.949951,3192.149902,3213.800049,3181.80127,2348779
12-04-2023,3227.949951,3260.949951,3199,3241.649902,3209.373779,2417727
13-04-2023,3210,3230,3180,3188.850098,3157.099609,4174070
17-04-2023,3134.100098,3163.399902,3070.25,3139.5,3108.240723,5505048
18-04-2023,3154.949951,3156.850098,3110.600098,3130.75,3099.577881,2617302
19-04-2023,3130.75,3140,3071.5,3089.600098,3058.837891,3298034
20-04-2023,3090,3113,3078,3104.800049,3073.886475,2419999
21-04-2023,3110,3164.449951,3100.800049,3160.850098,3129.378662,1929184
24-04-2023,3151.100098,3180.949951,3126.149902,3174.800049,3143.189453,1640676
25-04-2023,3183,3191.199951,3147.5,3176,3144.377686,2024090
26-04-2023,3181,3208.399902,3181,3198.149902,3166.306885,2000029
27-04-2023,3185,3199.199951,3170.649902,3187.949951,3156.208496,2434446
28-04-2023,3200.399902,3227.25,3196.25,3219.25,3187.196777,2931312
02-05-2023,3235,3235,3210,3219.399902,3187.345459,2321159
03-05-2023,3216,3216,3173.149902,3179.899902,3148.238525,2468285
04-05-2023,3180.149902,3224.449951,3178,3220.699951,3188.632568,1953253
05-05-2023,3220,3244,3210.050049,3230.699951,3198.532959,1710027
08-05-2023,3245,3254.850098,3231.300049,3250.600098,3218.234863,928235
09-05-2023,3252.600098,3298,3246,3283.25,3250.55957,1107375
10-05-2023,3290,3306.5,3266.050049,3286.800049,3254.074463,1559987
11-05-2023,3309,3309.699951,3272,3282.149902,3249.470459,1719623
12-05-2023,3279.149902,3290,3260,3274.300049,3241.69873,1027479
15-05-2023,3284,3292,3248.350098,3255.050049,3222.640625,1150390
16-05-2023,3256.199951,3285,3250.449951,3258.149902,3225.709473,986306
17-05-2023,3255.949951,3280,3198.25,3208.699951,3176.751709,1588815
18-05-2023,3225.949951,3228.949951,3195,3199.850098,3167.98999,1369364
19-05-2023,3210,3234.5,3203.050049,3222.850098,3190.76123,1152449
22-05-2023,3230,3308.449951,3217.050049,3298.699951,3265.855713,1333243
23-05-2023,3306,3327.949951,3290.100098,3297.050049,3264.222412,1687418
24-05-2023,3276,3317.199951,3276,3303.350098,3270.459717,1016555
25-05-2023,3294,3306,3267.100098,3293.5,3260.70752,1374917
26-05-2023,3293.5,3338.649902,3291,3328.899902,3295.754883,1791115
29-05-2023,3360.800049,3372,3312,3320.350098,3287.290283,1210372
30-05-2023,3315,3326.949951,3301.350098,3316.199951,3283.181396,1344224
31-05-2023,3309,3327.699951,3265.149902,3289.5,3256.747559,5815424
01-06-2023,3314,3340,3297.5,3324,3290.903809,1177314
02-06-2023,3326.25,3335.899902,3297.449951,3305.600098,3272.687256,2030661
05-06-2023,3315,3327,3285.050049,3288.899902,3256.15332,1861468
06-06-2023,3280,3288.850098,3220.600098,3232.300049,3200.117188,2022849
07-06-2023,3253,3278.850098,3241,3274.899902,3242.292725,1567196
08-06-2023,3261,3270,3233,3236.449951,3204.225586,1759366
09-06-2023,3245,3250,3205.350098,3209.300049,3177.345947,1775689
12-06-2023,3215,3254.399902,3211,3246.899902,3214.571289,2324605
13-06-2023,3260,3265,3239,3243.699951,3211.40332,1371928
14-06-2023,3243.699951,3255.850098,3225.850098,3251.050049,3218.680176,1658544
15-06-2023,3245.300049,3247.449951,3210,3216.300049,3207.958252,2273810
16-06-2023,3197,3199.399902,3156,3174.899902,3166.665283,4156189
19-06-2023,3190,3214.899902,3175,3210.399902,3202.073242,1468186
20-06-2023,3214,3232.5,3201.050049,3227.699951,3219.328369,1528452
21-06-2023,3250,3261.399902,3223.949951,3258.199951,3249.749268,1645987
22-06-2023,3260,3267.649902,3230.100098,3238.5,3230.100586,1529603
23-06-2023,3237.300049,3249.399902,3209.149902,3216.350098,3208.008057,1119505
26-06-2023,3205,3213.899902,3173,3189.649902,3181.377197,1978803
27-06-2023,3202,3209.649902,3182.300049,3197.350098,3189.057373,863542
28-06-2023,3197.350098,3197.350098,3197.350098,3197.350098,3189.057373,0
30-06-2023,3220,3310,3214.100098,3302.25,3293.685059,2672406
03-07-2023,3314.300049,3318.800049,3268.75,3272.300049,3263.812988,1687264
04-07-2023,3290,3315,3277.300049,3308.850098,3300.268066,1656681
05-07-2023,3320,3329,3305,3319.949951,3311.339111,1453008
06-07-2023,3306.550049,3328.449951,3302,3322.899902,3314.281494,1848238
07-07-2023,3302,3356.899902,3302,3329.25,3320.615234,1789326
10-07-2023,3324.75,3324.75,3265.199951,3271.949951,3263.463623,1407431
11-07-2023,3295,3295,3260.800049,3272.399902,3263.912598,1110172
12-07-2023,3280.949951,3289.149902,3250.100098,3259.899902,3251.444824,1515240
13-07-2023,3284,3367.449951,3272.75,3340.550049,3331.885986,4585146
14-07-2023,3365,3524.850098,3352,3514.649902,3505.53418,6306101
17-07-2023,3510,3549.899902,3477.050049,3491.699951,3482.643799,2743228
18-07-2023,3476,3524,3465,3496.850098,3487.780518,2600090
19-07-2023,3500,3516.850098,3445.649902,3470.050049,3461.050049,2405370
20-07-2023,3453.100098,3478.899902,3436.050049,3463.300049,3463.300049,1715404
21-07-2023,3404.050049,3434.899902,3359.050049,3368.300049,3368.300049,3770223
24-07-2023,3381,3413.449951,3372.100098,3394.75,3394.75,1680132
25-07-2023,3397.5,3406.800049,3380.199951,3399.149902,3399.149902,1272980
26-07-2023,3400.350098,3420.850098,3385,3388.300049,3388.300049,1066803
27-07-2023,3394.949951,3411.649902,3385.050049,3396.899902,3396.899902,1701769
28-07-2023,3385,3393.699951,3331,3355.399902,3355.399902,2599831
31-07-2023,3364.399902,3426.649902,3360.899902,3421.449951,3421.449951,2743678
01-08-2023,3415,3460,3415,3452.050049,3452.050049,1956167
02-08-2023,3434.949951,3446.399902,3413.600098,3440.649902,3440.649902,1914899
03-08-2023,3420,3433.25,3368,3399.949951,3399.949951,2026351
04-08-2023,3401.25,3471,3401.25,3443.550049,3443.550049,2248493
07-08-2023,3453.949951,3488,3441.25,3484.050049,3484.050049,1853889
08-08-2023,3484.050049,3489.949951,3456.600098,3470.600098,3470.600098,1634225
09-08-2023,3464.899902,3467,3425.050049,3462.5,3462.5,1794589
10-08-2023,3450,3464.899902,3430.050049,3442.100098,3442.100098,1096701
11-08-2023,3438.100098,3466.649902,3414,3448.800049,3448.800049,1679974
14-08-2023,3440.699951,3455,3411,3449.850098,3449.850098,1190425
16-08-2023,3450,3466,3435.199951,3458.399902,3458.399902,1328445
17-08-2023,3455,3460.800049,3413.199951,3435.75,3435.75,1843241
18-08-2023,3410,3410,3356.5,3367.100098,3367.100098,2526749
21-08-2023,3375,3409.75,3372,3401.649902,3401.649902,1375579
22-08-2023,3400,3411,3365.050049,3382.149902,3382.149902,1222012
23-08-2023,3388,3402,3376,3398.25,3398.25,1330046
24-08-2023,3408,3413.050049,3378.100098,3387.75,3387.75,1152881
25-08-2023,3375,3385.800049,3350.25,3381.300049,3381.300049,1158046
28-08-2023,3394,3394,3360.100098,3375.550049,3375.550049,1037485
29-08-2023,3381.050049,3389.550049,3365,3376.149902,3376.149902,944517
30-08-2023,3398,3408.100098,3383.050049,3390.949951,3390.949951,1188200
31-08-2023,3401,3417.399902,3343.649902,3356.800049,3356.800049,3417652
01-09-2023,3366,3389,3356.800049,3379.199951,3379.199951,1277950
04-09-2023,3378,3432.850098,3370.050049,3418.5,3418.5,1828332
05-09-2023,3420,3447,3405.149902,3429.350098,3429.350098,1501842
06-09-2023,3434,3443.899902,3398.100098,3429.899902,3429.899902,1314818
07-09-2023,3430.800049,3460,3422.300049,3455.25,3455.25,1885092
08-09-2023,3455.25,3465,3435.050049,3441.899902,3441.899902,1518917
11-09-2023,3462,3485.699951,3445,3480.649902,3480.649902,1783604
12-09-2023,3492,3589.899902,3483,3580.800049,3580.800049,4476016
13-09-2023,3571.100098,3588.850098,3545,3567.850098,3567.850098,1754929
14-09-2023,3570.050049,3597.699951,3545.600098,3560.050049,3560.050049,2604721
15-09-2023,3567.850098,3607.350098,3562.449951,3598.300049,3598.300049,2952897
18-09-2023,3580.050049,3619.300049,3575.25,3606.149902,3606.149902,1395753
